Instance, y1, y2
MMF1, 1, 1
MMF1z, 1, 1
MMF1e, 1, 1
MMF2, 1, 1
MMF3, 1, 1
MMF4, 1, 1
MMF5, 1, 1
MMF6, 1, 1
MMF7, 1, 1
MMF8, 1, 1
MMF9, 1.1, 10
MMF10, 1.1, 7.05696447063
MMF11, 1.1, 10
MMF12, 0.6, 1
MMF14, 2, 2
MMF14a, 2, 2
MMF15, 2, 2
MMF15a, 2, 2
BiObjBBOB1, 94.24158, 79.06199
BiObjBBOB2, 192.31072, 52.56729
BiObjBBOB3, 28.57563, 48.07543
BiObjBBOB4, 419.099977, -9.523626
BiObjBBOB5, 9.728367, 2.246729
